id,title,release_date,popularity
1087192,드래곤 길들이기,2025-06-06,904.7178
1071585,메간 2.0,2025-06-25,608.4451
552524,릴로 & 스티치,2025-05-17,565.4793
1311031,극장판 귀멸의 칼날: 무한성편,2025-07-18,508.5982
1315986,맨 위드 노 패스트,2025-01-13,382.1417
1061474,슈퍼맨,2025-07-09,333.5035
1011477,가라데 키드: 레전드,2025-05-08,317.8487
1119878,아이스 로드: 벤전스,2025-06-27,296.3004
1124619,브라이드 하드,2025-06-19,315.3122
617126,판타스틱 4: 새로운 출발,2025-07-23,279.4076
541671,발레리나,2025-06-04,252.489
1234821,쥬라기 월드: 새로운 시작,2025-07-01,237.1881
1374534,어쩌다 파트너,2025-07-10,219.4051
803796,케이팝 데몬 헌터스,2025-06-20,211.4319
986056,썬더볼츠*,2025-04-30,201.3352
574475,파이널 데스티네이션: 블러드라인,2025-05-14,195.4472
1058537,"천사의 몰락, 평화의 전사들",2024-07-09,235.2762
846422,올드 가드 2,2025-07-01,167.3005
749170,국가 원수,2025-07-02,156.9191
968171,性教育ママ,1973-11-20,108.2958
911430,F1 더 무비,2025-06-25,147.5591
1326106,괴수 8호: 미션 리컨,2025-03-28,142.2022
7451,트리플 엑스,2002-08-09,131.095
1357933,겟 아웃: 셀러,2024-09-08,123.7777
1429744,지암,2025-07-09,120.6702
947478,Diplodocus,2024-10-04,120.3385
615453,나타지마동강세,2019-07-26,117.6308
1136867,머티리얼리스트,2025-06-12,117.3064
1268870,Nudus,2024-04-11,110.093
1406607,戏台,2025-07-12,108.0459
1151031,브링 허 백,2025-05-28,105.9636
611251,女高生トリオ 性感試験,1977-02-23,105.4174
1287536,Dora and the Search for Sol Dorado,2025-07-02,102.6438
1269208,84제곱미터,2025-07-17,100.8421
675308,호텔 레이크,2020-04-29,93.2957
575265,미션 임파서블: 파이널 레코닝,2025-05-17,92.0693
1246369,반란: 무로마치 부라이,2025-01-17,91.3981
1275003,Spirit in the Blood,2024-11-07,89.4879
950387,A MINECRAFT MOVIE 마인크래프트 무비,2025-03-31,87.7154
1236197,Juegos de Seducción,2025-07-18,81.1113
1087891,아마추어,2025-04-09,79.6146
1241634,सैयारा,2025-07-18,75.7175
1243341,좀비스 4: 뱀파이어의 등장,2025-07-10,74.5723
1278950,리추얼,2025-04-18,74.2632
1233413,씨너스: 죄인들,2025-04-16,74.0265
1083433,나는 네가 지난 여름에 한 일을 알고 있다,2025-07-16,73.9295
605722,디스턴트,2024-07-12,72.8007
1403735,లైలా,2025-02-14,72.4684
1084153,Sneaks,2025-04-17,71.471
11845,정사,2001-01-20,71.2289
715287,새엄마의 욕망,2020-05-29,66.9453
1257586,The Hangman,2024-05-30,66.7955
1100988,28년 후,2025-06-18,66.5052
1425045,브릭,2025-07-09,64.6682
1442776,Kuang Bao Ju Xi,2024-03-27,64.213
1294949,Mamá Reinventada,2025-05-08,64.1818
1010581,나의 잘못,2023-06-08,63.6453
1414272,나만 몰랐던 그녀들의 세계!,2025-02-07,63.6266
1103731,In Vitro,2025-03-27,63.3695
1241982,모아나 2,2024-11-21,63.0351
1311844,메가 트위스터스,2024-06-28,60.1541
1197306,워킹맨,2025-03-26,60.9873
259872,밤보다 더 아름다운 낮,2009-10-10,54.849
1354253,爱上她的理由 番外 约定的未来,2024-02-13,55.4044
1376434,프레데터: 킬러 오브 킬러스,2025-06-05,56.8503
1020910,인플루언서,2023-05-18,50.7033
736350,Playboy Playmate Workout,1983-01-01,58.9055
1246310,마디아의 데스티네이션 웨딩,2025-07-10,48.9472
870028,어카운턴트 2,2025-04-23,53.5104
1090007,First Shift,2024-08-30,44.0925
1181039,미이라: 카예신전의 비밀,2023-09-22,50.7079
713364,클라운 인 어 콘필드,2025-05-08,52.2474
936108,스머프,2025-07-05,48.0108
173705,여교사: 학생의 눈앞에서,1982-04-09,46.5681
1429834,가족이라 하기엔,2025-07-17,43.6637
822119,캡틴 아메리카: 브레이브 뉴 월드,2025-02-12,47.4466
950396,'더 캐니언' - The Gorge,2025-02-13,45.2268
1127110,디아블로,2025-06-13,43.2651
507086,쥬라기 월드: 도미니언,2022-06-01,44.3789
1250620,La coda del diavolo,2024-07-25,42.8033
939243,수퍼 소닉 3,2024-12-19,43.1276
1285965,데인저러스 애니멀스,2025-06-05,107.0802
447273,백설공주,2025-03-12,42.1249
1156593,네 잘못이야,2024-12-26,43.1708
10191,드래곤 길들이기,2010-03-18,42.817
1022789,인사이드 아웃 2,2024-06-11,40.2223
1241436,워페어,2025-04-09,41.7939
533535,데드풀과 울버린,2024-07-24,41.2444
829557,365일: 오늘,2022-04-26,45.8207
1412113,오징어 게임: 시즌2 제작 이야기,2025-01-02,38.9532
1365103,Marriage Unplugged,2024-10-28,45.7229
82702,드래곤 길들이기 2,2014-06-05,38.9521
1477114,Sorority,2025-06-20,38.397
157336,인터스텔라,2014-11-05,39.0221
666154,Kayara,2025-01-02,35.9653
519182,슈퍼배드 4,2024-06-20,37.5565
1239193,딥 커버,2025-06-12,35.2989
1017163,범죄도시 4,2024-04-24,35.1265
1406831,Vanished Out of Sight,2025-06-19,35.5095
536554,메간,2022-12-28,32.4926
762509,무파사: 라이온 킹,2024-12-18,34.7497
1000866,마칭 밴드,2024-11-27,36.1981
1022787,엘리오,2025-06-18,36.0153
1294203,나의 잘못: 런던,2025-02-12,35.3375
933260,서브스턴스,2024-09-07,34.0444
812455,Victoria,2021-01-16,32.7492
166428,드래곤 길들이기 3,2019-01-03,34.6428
1240475,집악,2024-07-18,34.954
1040159,My Massive Cock,2022-10-24,36.5364
671,해리 포터와 마법사의 돌,2001-11-16,36.1603
1426776,벼랑 끝에 서서,2025-06-05,32.8734
1072890,异人之下,2024-07-26,30.3382
1100842,新婚シリーズ　最初が肝心,1962-02-07,38.5909
24428,어벤져스,2012-04-25,32.2928
1011985,쿵푸팬더 4,2024-03-02,32.1528
1184918,와일드 로봇,2024-09-12,32.9504
980477,나타지마동요해,2025-01-29,33.4925
324544,인 더 로스트 랜즈,2025-02-27,32.2329
1357305,차이나타운 탐정 1900,2025-01-29,30.1939
815029,도뷔시,2023-08-24,26.0115
912649,베놈: 라스트 댄스,2024-10-22,32.0935
558449,글래디에이터 II,2024-11-13,32.0265
1379587,Utopia,2024-12-09,31.9742
635302,극장판 귀멸의 칼날: 무한열차편,2020-10-16,31.8173
278,쇼생크 탈출,1994-09-23,31.7357
155,다크 나이트,2008-07-16,31.316
351286,쥬라기 월드: 폴른 킹덤,2018-06-06,31.0935
385687,분노의 질주: 라이드 오어 다이,2023-05-17,30.7813
297762,원더 우먼,2017-05-30,30.7143
135397,쥬라기 월드,2015-06-06,30.5233
1234720,부부 교환 - 무삭제,2023-03-16,30.469
1504735,오징어 게임 이야기,2025-06-26,30.4516
238,대부,1972-03-14,30.1283
80295,Der Frühreifen-Report,1973-08-16,30.0019
1508562,나는 여전히 슈퍼스타,2025-07-17,29.8876
1232546,언틸 던: 무한루프 데스게임,2025-04-23,29.8624
597,타이타닉,1997-11-18,29.8385
1470086,Ligaw,2025-05-09,29.7
999243,헬 오브 어 썸머,2025-04-03,29.607
1064213,아노라,2024-10-14,29.4056
1224668,분노,2025-03-28,25.6814
1450599,KO,2025-06-05,24.4043
1144107,罗小黑战记 2,2025-07-18,27.9603
757725,쉐도우 포스,2025-05-01,38.9829
1252309,Pídeme lo que quieras,2024-11-29,29.361
1289601,파이터스 라이프,2024-06-07,25.4473
49521,맨 오브 스틸,2013-06-12,25.7492
539972,크레이븐 더 헌터,2024-12-11,30.1871
1315988,Mikaela,2025-01-31,31.9444
1449951,백설공주와 일곱난쟁이,2025-03-07,24.4712
1391013,당신 같은 사람,2025-07-11,23.6596
120,반지의 제왕: 반지 원정대,2001-12-18,26.4823
791373,잭 스나이더의 저스티스 리그,2021-03-18,23.5641
414906,더 배트맨,2022-03-01,24.182
696506,미키 17,2025-02-28,24.8963
299536,어벤져스: 인피니티 워,2018-04-25,25.5752
1005860,Seeds,2024-10-25,24.3178
27205,인셉션,2010-07-15,29.922
1172244,Mond,2024-11-08,26.7058
3597,나는 네가 지난 여름에 한 일을 알고 있다,1997-10-17,24.1284
1175942,배드 가이즈 2,2025-07-24,25.9874
361743,탑건: 매버릭,2022-05-21,24.6288
603692,존 윅 4,2023-03-22,25.4749
209112,배트맨 대 슈퍼맨: 저스티스의 시작,2016-03-23,25.2941
823219,플로우,2024-08-29,25.2808
945961,에이리언: 로물루스,2024-08-13,25.0842
1476292,Kalakal,2025-06-13,25.0591
1471014,Van Gogh by Vincent,2025-03-26,25.0116
83533,아바타: 불과 재,2025-12-17,24.9107
216015,그레이의 50가지 그림자,2015-02-11,24.8775
462183,와일드 어웨이크닝,2016-10-23,22.077
170,28일 후,2002-10-31,23.589
1153714,데스 오브 유니콘,2025-03-27,23.8035
634649,스파이더맨: 노 웨이 홈,2021-12-15,24.5317
411,"나니아 연대기: 사자, 마녀 그리고 옷장",2005-12-07,23.5815
198663,메이즈 러너,2014-09-10,24.3819
575264,미션 임파서블: 데드 레코닝,2023-07-08,24.3722
82023,호텔 디자이어,2011-12-07,24.1081
346698,바비,2023-06-18,24.0923
1126166,플라이트 리스크,2025-01-22,23.765
138843,컨저링,2013-07-18,23.4341
896536,더 레전드 오브 오치,2025-04-18,22.2676
1064307,스퍼마게돈,2025-02-21,22.1507
11544,릴로 & 스티치,2002-06-21,22.4567
496243,기생충,2019-05-30,24.8295
1233069,엑스테리토리얼,2025-04-29,22.3516
1098006,'젊음의 샘' - Fountain of Youth,2025-05-19,19.6876
402431,위키드,2024-11-20,22.1596
1195506,노보케인,2025-03-12,21.725
808,슈렉,2001-05-18,20.5477
9738,판타스틱 4,2005-06-29,29.5388
1214469,고스트라이트,2024-06-14,22.6962
872585,오펜하이머,2023-07-19,21.3834
668489,해벅,2025-04-25,21.6714
672,해리 포터와 비밀의 방,2002-11-13,23.4143
846817,ليل,2024-09-07,18.2552
1100782,스마일 2,2024-10-16,21.1524
1124620,더 몽키,2025-02-14,20.7906
845781,레드 원,2024-10-31,22.513
550,파이트 클럽,1999-10-15,21.3674
